scenario,scenario_rank,mutation,predicted_destabilization_ddg,stability_component,accessibility_component,rigidity_component,protected_site_penalty,existing_cys_penalty,scenario_score
stability_heavy,1,F38C,-1.040221704415873,1.0,0.5620632841315458,0.8317966760059113,0.0,0.0,0.8955923244269003
stability_heavy,2,F27C,-1.040221704415873,1.0,0.165573713816633,0.9854983045565084,0.0,0.0,0.8316645732189774
stability_heavy,3,F30C,-1.040221704415873,1.0,0.2415256432079832,0.8147313863869159,0.0,0.0,0.8297782672802883
stability_heavy,4,W8C,-1.169085950532918,1.0,0.3422561268141899,0.5847802737631533,0.0,0.0,0.8269292527391533
stability_heavy,5,F17C,-1.040221704415873,1.0,0.1962395851064864,0.8033481920864944,0.0,0.0,0.8195827362299467
stability_heavy,6,F15C,-1.040221704415873,1.0,0.1509535270049895,0.8245182729724199,0.0,0.0,0.8126425326982398
stability_heavy,7,F9C,-1.040221704415873,1.0,0.1208157574402046,0.7105913116518427,0.0,0.0,0.7952222826532251
stability_heavy,8,I51C,-0.8916279436469586,0.9638759812156528,0.169611940136955,0.8102488973124385,0.0,0.0,0.7896604646095918
stability_heavy,9,F49C,-1.040221704415873,1.0,0.0,0.8415265516015971,0.0,0.0,0.7841526551601596
stability_heavy,10,G54C,-0.6448227555177501,0.8816075851725834,0.4575083256849814,0.6680753659947182,0.0,0.0,0.7754345113572765
stability_heavy,11,G37C,-0.6448227555177501,0.8816075851725834,0.533946658200448,0.4891891326918118,0.0,0.0,0.7728335545300792
stability_heavy,12,V52C,-0.7059583913535072,0.901986130451169,0.2899313028144948,0.7946119365990736,0.0,0.0,0.7688377455386245
stability_heavy,13,I18C,-0.8916279436469586,0.9638759812156528,0.0,0.8940740560088632,0.0,0.0,0.7641205924518433
stability_heavy,14,I33C,-0.8916279436469586,0.9638759812156528,0.0061300924672076,0.8252475385505146,0.0,0.0,0.7584639591994499
stability_heavy,15,G22C,-0.6448227555177501,0.8816075851725834,0.6701047337728697,0.0017071624173418,0.0,0.0,0.7513169726171165
stability_heavy,16,L2C,-0.7645788398240553,0.9215262799413516,0.1862511178967034,0.6736933239497467,0.0,0.0,0.7496879519332614
stability_heavy,17,G57C,-0.6448227555177501,0.8816075851725834,0.2000601242647116,0.924620069262018,0.0,0.0,0.7495993413999524
stability_heavy,18,G44C,-0.6448227555177501,0.8816075851725834,0.3249586109361809,0.6689115271787225,0.0,0.0,0.7490081845259168
stability_heavy,19,G35C,-0.6448227555177501,0.8816075851725834,0.5559343026914629,0.1629817507821589,0.0,0.0,0.7446103452373168
stability_heavy,20,M1C,-0.4927128364295607,0.8309042788098536,0.4825449290000505,0.6196564074334729,0.0,0.0,0.7401076217102549
stability_heavy,21,R56C,-0.2006387570123466,0.733546252337449,0.7583430426407319,0.7118075461013034,0.0,0.0,0.736331739774491
stability_heavy,22,V28C,-0.7059583913535072,0.901986130451169,0.0,0.9840920334743192,0.0,0.0,0.7297994946632502
stability_heavy,23,L41C,-0.7645788398240553,0.9215262799413516,0.0113387424880728,0.7334265885320492,0.0,0.0,0.7206788033097655
stability_heavy,24,G4C,-0.6448227555177501,0.8816075851725834,0.145716250390482,0.7235233045089992,0.0,0.0,0.7186208901498047
stability_heavy,25,V6C,-0.7059583913535072,0.901986130451169,0.0307890524155954,0.7927604368344928,0.0,0.0,0.7168241454823866
stability_heavy,26,V63C,-0.7059583913535072,0.901986130451169,0.0,0.8224142959672145,0.0,0.0,0.7136317209125397
stability_heavy,27,G14C,-0.6448227555177501,0.8816075851725834,0.0580590488480729,0.8015998550653947,0.0,0.0,0.7088971048969624
stability_heavy,28,G16C,-0.6448227555177501,0.8816075851725834,0.0,0.9098304683199432,0.0,0.0,0.7081083564528027
stability_heavy,29,V47C,-0.7059583913535072,0.901986130451169,0.006157810483119,0.6752200646830403,0.0,0.0,0.7001438598807461
stability_heavy,30,V26C,-0.7059583913535072,0.901986130451169,0.0069403920462064,0.6703524120761584,0.0,0.0,0.6998136109326754
stability_heavy,31,A67C,-0.3415315512441451,0.7805105170813817,0.7580664047249427,0.0,0.0,0.0,0.6979706429019557
stability_heavy,32,N55C,-0.1446364525450911,0.7148788175150305,0.6914947667875141,0.4720478284197249,0.0,0.0,0.6859189084599967
stability_heavy,33,V20C,-0.7059583913535072,0.901986130451169,0.0694039204620641,0.2967078144239795,0.0,0.0,0.674941856850629
stability_heavy,34,P58C,-0.2546636806334972,0.7515545602111657,0.2783386283383048,0.9005953666716106,0.0,0.0,0.671815454482638
stability_heavy,35,E12C,-0.1045658878331403,0.7015219626110467,0.7831631526740997,0.1869517047236136,0.0,0.0,0.666393174834914
stability_heavy,36,E53C,-0.1045658878331403,0.7015219626110467,0.4809520826575535,0.7341959729548311,0.0,0.0,0.6606753876547264
stability_heavy,37,E43C,-0.1045658878331403,0.7015219626110467,0.6471339940196692,0.3672141199751937,0.0,0.0,0.6572135846291859
stability_heavy,38,A61C,-0.3415315512441452,0.7805105170813817,0.0187229180781382,0.9604286719669995,0.0,0.0,0.6461448127692948
stability_heavy,39,A46C,-0.3415315512441452,0.7805105170813817,0.1284083378649837,0.6726638004919414,0.0,0.0,0.639305409579158
stability_heavy,40,A60C,-0.3415315512441452,0.7805105170813817,0.0,0.9225087622724072,0.0,0.0,0.6386082381842079
stability_heavy,41,D24C,-0.1596171972304182,0.7198723990768061,0.584153077088229,0.1539930180541134,0.0,0.0,0.6361405965768214
stability_heavy,42,E42C,-0.1045658878331403,0.7015219626110467,0.5264008696233625,0.3911376205175373,0.0,0.0,0.635459309804159
stability_heavy,43,A32C,-0.3415315512441452,0.7805105170813817,0.0,0.8721300509361523,0.0,0.0,0.6335703670505823
stability_heavy,44,T64C,-0.1552115907421657,0.718403863580722,0.2971569659177513,0.6129260564747244,0.0,0.0,0.623606703337528
stability_heavy,45,E50C,-0.1045658878331403,0.7015219626110467,0.2932501770911912,0.7185179507547517,0.0,0.0,0.6215672043214461
stability_heavy,46,T40C,-0.1552115907421657,0.718403863580722,0.1536723927959358,0.8597727831525467,0.0,0.0,0.6195944613809472
stability_heavy,47,N62C,-0.1446364525450911,0.7148788175150305,0.2827026753366318,0.5954599931713503,0.0,0.0,0.6165017066449827
stability_heavy,48,E3C,-0.1045658878331403,0.7015219626110467,0.2696846256972529,0.6658490868423068,0.0,0.0,0.6115872076514139
stability_heavy,49,H29C,-0.056048280437882,0.6853494268126273,0.1489171017670376,1.0,0.0,0.0,0.6095280191222466
stability_heavy,50,Q59C,-0.0861156473358171,0.6953718824452724,0.1778185005349953,0.8530702212807666,0.0,0.0,0.6076310399467664
stability_heavy,51,E36C,-0.1045658878331403,0.7015219626110467,0.4460676687777792,0.231839624284908,0.0,0.0,0.6034628700117795
stability_heavy,52,D25C,-0.1596171972304182,0.7198723990768061,0.2472072704938879,0.4809843010737703,0.0,0.0,0.6014505635599188
stability_heavy,53,S31C,0.0056424784236881,0.6647858405254372,0.2524844912640101,0.8368579849909068,0.0,0.0,0.5995327851196988
stability_heavy,54,E19C,-0.1045658878331403,0.7015219626110467,0.3605166629067881,0.3254525141740932,0.0,0.0,0.5957139578264996
stability_heavy,55,N10C,-0.1446364525450911,0.7148788175150305,0.2681653178236051,0.3804620487342609,0.0,0.0,0.5920944406986685
stability_heavy,56,K13C,0.1164247180548481,0.6278584273150507,0.6075173002958769,0.2433925846438998,0.0,0.0,0.5853436176441009
stability_heavy,57,Q34C,-0.0861156473358171,0.6953718824452724,0.2887144871852724,0.3931583433788808,0.0,0.0,0.5838190494866332
stability_heavy,58,Q45C,-0.0861156473358171,0.6953718824452724,0.1759991693227164,0.5595776456952797,0.0,0.0,0.5779179161457618
stability_heavy,59,E21C,-0.1045658878331403,0.7015219626110467,0.3892387653133189,0.0158591904566136,0.0,0.0,0.5704990459360578
stability_heavy,60,S48C,0.0056424784236881,0.6647858405254372,0.1772085262029289,0.669799948436727,0.0,0.0,0.5677717884520644
stability_heavy,61,K39C,0.1164247180548481,0.6278584273150507,0.2702380961471344,0.6778944532318791,0.0,0.0,0.5613379636731503
stability_heavy,62,K7C,0.1164247180548481,0.6278584273150507,0.3390823185899038,0.527780294003563,0.0,0.0,0.5600953922388725
stability_heavy,63,Q23C,-0.0861156473358171,0.6953718824452724,0.3432757694745938,0.0322154322837187,0.0,0.0,0.5586370148349813
stability_heavy,64,S11C,0.0056424784236881,0.6647858405254372,0.2965739673946039,0.3200406931776214,0.0,0.0,0.5566689511644889
stability_heavy,65,K5C,0.1164247180548481,0.6278584273150507,0.3480471993345875,0.454987817596083,0.0,0.0,0.5546091207470613
stability_heavy,66,E66C,-0.1045658878331404,0.7015219626110468,0.2208280418860054,0.1292008389483877,0.0,0.0,0.5481510660997726
stability_heavy,67,K65C,0.1164247180548481,0.6278584273150507,0.3911759417350642,0.2878252608939027,0.0,0.0,0.5465186135569385
