scenario,scenario_rank,mutation,scenario_score
balanced,1,F38C,0.834978320440646
balanced,2,F27C,0.7467717750562916
balanced,3,R56C,0.7366375481812047
balanced,4,F30C,0.7354039702397782
balanced,5,W8C,0.7196328927968877
balanced,6,F17C,0.7195415139492448
balanced,7,G54C,0.7116713634907297
balanced,8,F15C,0.7101897126959809
balanced,9,G37C,0.6988256165847885
balanced,10,V52C,0.6968948433897477
stability_heavy,1,F38C,0.8955923244269003
stability_heavy,2,F27C,0.8316645732189774
stability_heavy,3,F30C,0.8297782672802883
stability_heavy,4,W8C,0.8269292527391533
stability_heavy,5,F17C,0.8195827362299467
stability_heavy,6,F15C,0.8126425326982398
stability_heavy,7,F9C,0.7952222826532251
stability_heavy,8,I51C,0.7896604646095918
stability_heavy,9,F49C,0.7841526551601596
stability_heavy,10,G54C,0.7754345113572765
accessibility_heavy,1,F38C,0.7558011434666596
accessibility_heavy,2,R56C,0.7426838415536686
accessibility_heavy,3,N55C,0.6667621437869764
accessibility_heavy,4,E12C,0.6651570189594583
accessibility_heavy,5,A67C,0.6522118833409549
accessibility_heavy,6,G37C,0.6489143538144
accessibility_heavy,7,G22C,0.6438710960594403
accessibility_heavy,8,G54C,0.6375281225521026
accessibility_heavy,9,M1C,0.625037423198495
accessibility_heavy,10,E43C,0.62418180191998
