protein_id,position,wt_identities
1A0N,7,2
1A0N,55,2
1BK2,5,2
1BK2,47,2
1EM7,7,2
1EM7,54,2
1GB4,27,2
1GB4,53,2
1H8K,36,2
1H8K,44,2
1MJC,17,2
1MJC,43,2
1OPS,44,2
1OPS,53,2
1PGA,5,2
1PGA,7,2
1PGA,39,2
1PGA,51,2
1PGX,27,2
1PGX,42,2
1S1N,11,2
1S1N,29,2
1SIF,3,2
1SIF,13,2
1UBQ,3,2
1UBQ,15,2
1UBQ,43,2
1UBQ,67,2
2B88,8,2
2B88,15,2
2B88,22,2
2B88,23,2
2B88,33,2
2HBB,7,2
2HBB,22,2
2HBB,27,2
2HBB,33,2
2HBB,37,2
2HBB,46,2
2K52,21,2
2K52,42,2
2K5H,11,2
2K5H,23,2
2KRS,42,2
2KRS,53,2
2KT8,15,2
2KT8,54,2
2KYB,2,2
2KYB,55,2
2LSS,6,2
2LSS,17,2
2LXK,4,2
2LXK,15,2
2LYP,26,2
2LYP,41,2
2MKX,11,2
2MKX,29,2
2PTL,38,2
2PTL,58,2
2ROT,41,2
2ROT,60,2
2ZW1,34,2
2ZW1,55,2
5ECA,37,2
5ECA,51,2
5FWB,10,2
5FWB,24,2
5GU9,66,2
