protein_id,rows,cys,source_name_match
1A0N,1136,59,False
1A32,1195,61,True
1AOY,1287,63,True
1BK2,987,58,False
1E0L,621,12,True
1E6H,1089,61,True
1EM7,1042,55,False
1ENH,903,44,True
1F0M,1239,66,True
1GB4,1092,53,False
1GJS,812,39,True
1GL5,1078,54,True
1GYZ,1121,59,True
1H8K,1080,58,True
1H92,988,53,True
1I2T,1094,58,True
1I6C,686,11,True
1IFY,798,27,True
1JIC,1008,55,True
1K1V,762,27,True
1LP1,1035,51,True
1MJC,1326,68,False
1O6X,1357,68,True
1OPS,1071,65,True
1ORC,1195,63,True
1PGA,1096,59,False
1PGX,1132,61,False
1PSE,1219,47,True
1PV0,834,42,True
1PWT,990,57,True
1QKH,1267,68,True
1QKX,959,55,True
1QLY,1061,57,True
1QP2,1101,62,True
1R69,1124,61,True
1S1N,1150,61,False
1SF0,1081,47,False
1SIF,1372,73,False
1SRM,1025,55,True
1TG0,1084,62,True
1TUC,1041,57,True
1TUD,1051,60,True
1UBQ,1422,75,False
1UCS,1131,62,False
1UFM,1353,72,True
1URF,1301,56,True
1UZC,1163,63,True
1V1C,1213,65,True
1VII,633,13,True
1W4F,656,8,True
1W4G,669,23,True
1W4H,797,24,True
1WCL,1306,69,True
1WR4,454,3,True
1Y0M,1092,56,True
1YEZ,1114,53,False
1YP5,722,57,True
1YRF,612,8,True
1YU5,1202,65,True
1ZHC,1061,60,True
1ZLM,1028,55,True
2AMI,1340,69,True
2B88,1114,54,True
2B89,965,54,True
2BTH,796,11,True
2BTT,947,60,True
2CDT,940,56,True
2CJJ,774,45,True
2D1U,1219,66,True
2EXD,1060,57,True
2GP8,723,11,True
2HBB,957,39,True
2JN4,1069,64,True
2JT1,1264,66,True
2JTV,1056,62,True
2JVD,714,29,True
2JVG,1025,56,True
2JWS,902,48,True
2JWT,931,47,True
2JZ2,1025,56,True
2K1B,929,49,True
2K28,917,45,True
2K2A,1141,60,True
2K52,1383,73,False
2K5H,1213,64,True
2K5N,1236,67,True
2K5P,1210,62,True
2K9D,824,40,True
2KCF,633,9,True
2KCM,1198,63,True
2KFV,1237,68,True
2KGT,1138,63,True
2KR3,1089,54,True
2KRS,1226,62,False
2KRU,890,51,True
2KT8,1291,66,False
2KVS,1203,66,True
2KVT,928,51,True
2KWH,975,49,True
2KXD,1173,71,True
2KYB,1131,57,False
2KZI,972,0,False
2KZJ,931,47,True
2L09,911,51,True
2L2D,635,14,True
2L2P,1024,54,True
2L33,1329,63,True
2L6Q,1040,55,True
2L7F,896,48,True
2L7M,938,49,True
2L9R,1149,52,True
2LC2,1204,57,True
2LCL,969,45,True
2LGW,1215,65,True
2LHC,629,42,True
2LHR,940,54,True
2LJ3,1004,59,True
2LO1,1216,65,True
2LP5,1072,57,True
2LQK,988,53,True
2LSS,1292,70,False
2LUM,952,54,True
2LVN,731,42,True
2LX2,716,53,False
2LXK,1286,65,False
2LYP,1251,66,False
2LYQ,1175,62,True
2LYR,1177,61,True
2M0C,833,42,True
2M0Y,1213,63,True
2M2J,1346,68,True
2M2L,900,48,True
2M6Y,1068,57,True
2M7O,1131,51,False
2M8E,639,11,True
2M8I,758,15,True
2M8J,775,12,True
2M8U,1273,67,True
2M9E,475,1,False
2M9F,592,3,True
2M9I,605,4,True
2MA4,1245,67,True
2MC5,1126,56,True
2MCH,1152,64,True
2MCK,946,43,True
2MH8,775,51,True
2MI6,1019,55,True
2MKX,928,49,False
2MKY,1011,52,True
2MLB,1325,70,False
2MW9,665,11,True
2MWA,657,8,True
2MWB,672,8,True
2MXD,995,52,True
2MYX,955,51,True
2N4R,654,9,True
2N88,889,45,True
2O2W,1211,67,True
2OCH,1085,61,True
2OP7,686,19,True
2PTL,1201,64,False
2QFF,1212,70,True
2RJV,1187,64,True
2ROT,1322,65,False
2RRT,1272,67,True
2RRU,707,8,True
2RU9,1129,52,True
2WNM,1047,45,True
2WQG,656,31,True
2WXC,782,19,True
2YSB,679,11,True
2YSF,540,0,True
2ZW1,1110,58,False
3CQT,1050,56,True
3DKM,1244,60,True
3I35,1046,57,True
3L1X,1118,68,True
3MYC,1163,63,True
3V1A,829,38,True
3ZGK,1302,69,True
4C26,1163,62,True
4G3O,820,42,True
4HCK,1034,51,True
4UZW,771,41,True
5AHT,560,20,True
5ECA,1154,59,False
5FWB,1171,57,False
5GU9,1246,69,False
5JRT,1118,58,True
5KPH,1288,69,True
5LXJ,851,39,True
5OAO,988,52,True
5UBS,1029,54,True
5UCE,994,53,True
5UP5,653,16,True
5UYO,751,18,True
5VNT,1149,60,True
5XR0,650,53,False
5Z2S,648,30,True
6ACV,1155,64,True
6EWS,1032,55,True
6EWT,1020,57,True
6EWU,1014,56,True
6FVC,777,24,True
6IWS,1153,65,True
6M3N,1215,64,True
6NMW,1020,58,True
6NS8,1304,67,False
6OBK,698,12,True
6SCW,1052,61,True
6SOW,935,49,True
6YSE,564,12,True
7BPM,1306,65,True
7JJK,1010,56,True
EA|run2_0290_0001,889,45,False
EA|run2_0325_0005,888,45,False
EA|run3_0321_0005,891,45,False
EA|run3_0525_0006,869,31,False
EA|run3_1140_0005,892,46,False
EA|run5_0050_0004,889,45,False
EA|run6_0680_0006,882,45,False
EA|run6_1429_0006,887,42,False
EA|run7_1025_0001,883,43,False
EA|run7_1572_0002,871,47,False
EEHEE_rd3_0019,739,21,True
EEHEE_rd3_0094,790,32,True
EEHEE_rd3_0130,765,33,True
EEHEE_rd3_0146,785,28,True
EEHEE_rd3_0602,814,41,True
EEHEE_rd3_0657,748,11,True
EEHEE_rd3_0809,689,12,True
EEHEE_rd3_1049,810,36,True
EEHEE_rd3_1367,773,38,True
EEHEE_rd3_1498,801,27,True
EEHEE_rd3_1587,760,33,True
EEHEE_rd3_1615,760,38,True
EEHEE_rd3_1702,813,39,True
EEHEE_rd3_1716,756,22,True
EEHEE_rd3_1810,738,37,True
EEHEE_rd3_1818,789,16,True
EEHEE_rd4_0003,813,40,True
EEHEE_rd4_0005,782,17,True
EEHEE_rd4_0256,810,36,True
EEHEE_rd4_0308,598,31,True
EEHEE_rd4_0363,799,39,True
EEHEE_rd4_0371,813,39,True
EEHEE_rd4_0469,790,27,True
EEHEE_rd4_0470,792,35,True
EEHEE_rd4_0481,805,41,True
EEHEE_rd4_0647,808,35,True
EEHEE_rd4_0763,807,33,True
EEHEE_rd4_0784,734,38,True
EEHEE_rd4_0794,806,38,True
EHEE_rd1_0101,732,13,True
EHEE_rd1_0407,726,13,True
EHEE_rd1_0459,654,13,True
EHEE_rd2_0152,697,19,True
EHEE_rd2_0191,643,19,True
EHEE_rd2_0196,735,17,True
EHEE_rd2_0372,730,25,True
EHEE_rd2_0487,730,27,True
EHEE_rd2_0601,657,19,True
EHEE_rd2_0751,629,26,True
EHEE_rd2_1106,648,13,True
EHEE_rd2_1257,664,15,True
EHEE_rd3_0035,705,16,True
EHEE_rd3_0053,711,22,True
EHEE_rd4_0044,640,14,True
EHEE_rd4_0086,665,9,True
EHEE_rd4_0098,714,14,True
EHEE_rd4_0172,676,21,True
EHEE_rd4_0195,745,25,True
EHEE_rd4_0325,722,4,True
EHEE_rd4_0394,661,21,True
EHEE_rd4_0463,732,24,True
EHEE_rd4_0502,702,10,True
EHEE_rd4_0625,663,10,True
EHEE_rd4_0726,694,23,True
EHEE_rd4_0840,690,28,True
EHEE_rd4_0864,570,21,True
EHEE_rd4_0877,689,10,True
GG|run1_1390_0006,887,45,False
GG|run2_0085_0001,885,45,False
GG|run3_1315_0003,881,42,False
GG|run3_1365_0003,889,46,False
GG|run4_0284_0002,886,45,False
GG|run4_0467_0002,889,47,False
GG|run4_1050_0002,885,46,False
GG|run5_0637_0006,885,45,False
GG|run5_1147_0004,889,45,False
GG|run5_1309_0004,879,44,False
GG|run6_0775_0006,887,44,False
GG|run6_0851_0003,891,46,False
GG|run6_1310_0004,889,46,False
HEEH_KT_rd6_0007,796,23,True
HEEH_KT_rd6_0280,798,39,True
HEEH_KT_rd6_0746,802,28,True
HEEH_KT_rd6_0790,794,20,True
HEEH_KT_rd6_0793,791,25,True
HEEH_KT_rd6_0872,786,13,True
HEEH_KT_rd6_1415,814,40,True
HEEH_KT_rd6_3546,798,25,True
HEEH_KT_rd6_3632,793,19,True
HEEH_rd3_0055,794,21,True
HEEH_rd3_0223,765,35,True
HEEH_rd4_0094,801,35,True
HEEH_rd4_0097,812,38,True
HEEH_rd4_0349,806,33,True
HHH_rd1_0142,799,25,True
HHH_rd1_0244,767,31,True
HHH_rd1_0335,810,36,True
HHH_rd1_0473,802,40,True
HHH_rd1_0493,808,36,True
HHH_rd1_0516,792,22,True
HHH_rd1_0578,789,26,True
HHH_rd1_0598,782,24,True
HHH_rd1_0606,797,24,True
HHH_rd1_0949,787,30,True
HHH_rd2_0155,790,18,True
HHH_rd2_0181,810,36,True
HHH_rd4_0124,803,31,True
HHH_rd4_0395,774,40,True
HHH_rd4_0557,796,27,True
HHH_rd4_0613,770,36,True
HHH_rd4_0676,805,31,True
HHH_rd4_0816,732,14,True
HHH_rd4_0870,805,36,True
XX|run10_1081_0004,890,46,False
XX|run1_0254_0003,880,45,False
XX|run1_0367_0004,889,44,False
XX|run1_0455_0002,883,40,False
XX|run1_0461_0006,890,44,False
XX|run3_1384_0005,889,44,False
XX|run5_0690_0002,889,46,False
XX|run5_1034_0004,878,39,False
XX|run6_1020_0004,889,44,False
XX|run6_1081_0004,882,43,False
XX|run7_0974_0003,858,38,False
XX|run8_0733_0006,887,46,False
XX|run8_1063_0003,878,46,False
XX|run8_1098_0003,885,45,False
chitinase,4,0,False
r10_437_TrROS_Hall,876,41,True
r10_490_TrROS_Hall,883,44,True
r10_572_TrROS_Hall,883,38,True
r11_1081_TrROS_Hall,893,44,True
r11_233_TrROS_Hall,926,49,True
r11_569_TrROS_Hall,914,49,True
r11_797_TrROS_Hall,926,49,True
r11_829_TrROS_Hall,923,46,True
r11_951_TrROS_Hall,921,49,True
r12_757_TrROS_Hall,977,28,True
r15_550_TrROS_Hall,1123,60,True
r16_88_TrROS_Hall,1185,63,True
r18_3_TrROS_Hall,985,52,True
r3_162_TrROS_Hall,957,51,True
r4_412_TrROS_Hall,865,44,True
r4_43_TrROS_Hall,861,41,True
r6_560_TrROS_Hall,1050,56,True
r6_831_TrROS_Hall,1054,54,True
r7_587_TrROS_Hall,892,46,True
v2K43S_2KVV,1002,60,True
v2R14S|R16S_2L3X,1236,65,False
v2R31S|R32S_2N5D,1304,69,False
v2_2HDZ,886,48,True
v2_2LC2,1060,55,True
v2_2LDM,965,48,True
v2_2LXE,997,53,True
v2_2M5A,1044,54,True
v2_4UZX,1094,57,True
v2_6IVS,904,48,True
