rank_engineering,rank_ml,chain,residue_number,position,wt_aa,mutation,distance_to_existing_cys,distance_to_nearest_protected,mut_aa,wt_hydrophobicity,wt_volume,wt_mass,wt_charge,wt_polarity,wt_aromatic,mut_hydrophobicity,mut_volume,mut_mass,mut_charge,mut_polarity,mut_aromatic,delta_hydrophobicity,delta_volume,delta_mass,delta_charge,delta_polarity,delta_aromatic,blosum62,abs_sasa,relative_sasa,normalized_ca_distance_to_center,local_density_10a,heavy_atom_contact_count,mean_b_factor,normalized_b_factor,secondary_structure,ca_neighbors_6a,ca_neighbors_8a,ca_neighbors_10a,predicted_destabilization_ddg,stability_component,flexibility_value,flexibility_method,accessibility_component,rigidity_component,protected_site_penalty,existing_cys_proximity_warning,existing_cys_penalty,ranking_formula,cys_suitability_score
1,8,A,38,38,F,F38C,,,C,2.8,189.9,165.19,0.0,0,1,2.5,108.5,121.16,0,1,0,-0.2999999999999998,-81.4,-44.03,0.0,1.0,-1.0,-2,134.895188191571,0.5620632841315458,0.786774004015741,8,10,20.05545454545455,-0.7661348034751883,unknown,2,4,8,-1.040221704415873,1.0,-0.7661348034751883,BFACTOR,0.5620632841315458,0.8317966760059113,0.0,False,0.0,stability_weight*stability_component + accessibility_weight*accessibility_component + rigidity_weight*rigidity_component - protected_penalty_weight*protected_site_penalty - existing_cys_penalty_weight*existing_cys_penalty,0.834978320440646
2,5,A,27,27,F,F27C,,,C,2.8,189.9,165.19,0.0,0,1,2.5,108.5,121.16,0,1,0,-0.2999999999999998,-81.4,-44.03,0.0,1.0,-1.0,-2,39.73769131599193,0.165573713816633,0.3549842246035684,19,11,12.702727272727277,-1.3085514794656583,unknown,5,11,19,-1.040221704415873,1.0,-1.3085514794656583,BFACTOR,0.165573713816633,0.9854983045565083,0.0,False,0.0,stability_weight*stability_component + accessibility_weight*accessibility_component + rigidity_weight*rigidity_component - protected_penalty_weight*protected_site_penalty - existing_cys_penalty_weight*existing_cys_penalty,0.7467717750562916
3,37,A,56,56,R,R56C,,,C,-4.5,173.4,174.2,1.0,1,0,2.5,108.5,121.16,0,1,0,7.0,-64.9,-53.03999999999999,-1.0,0.0,0.0,-3,207.78599368356052,0.7583430426407319,0.8686520151526773,7,6,25.795454545454547,-0.3426903311453384,unknown,3,5,7,-0.2006387570123466,0.733546252337449,-0.3426903311453384,BFACTOR,0.7583430426407319,0.7118075461013034,0.0,False,0.0,stability_weight*stability_component + accessibility_weight*accessibility_component + rigidity_weight*rigidity_component - protected_penalty_weight*protected_site_penalty - existing_cys_penalty_weight*existing_cys_penalty,0.7366375481812047
4,6,A,30,30,F,F30C,,,C,2.8,189.9,165.19,0.0,0,1,2.5,108.5,121.16,0,1,0,-0.2999999999999998,-81.4,-44.03,0.0,1.0,-1.0,-2,57.966154369915984,0.2415256432079832,0.426487324901806,19,11,20.87181818181818,-0.7059109935049311,unknown,7,9,19,-1.040221704415873,1.0,-0.7059109935049311,BFACTOR,0.2415256432079832,0.8147313863869159,0.0,False,0.0,stability_weight*stability_component + accessibility_weight*accessibility_component + rigidity_weight*rigidity_component - protected_penalty_weight*protected_site_penalty - existing_cys_penalty_weight*existing_cys_penalty,0.7354039702397782
5,1,A,8,8,W,W8C,,,C,-0.9,227.8,204.23,0.0,0,1,2.5,108.5,121.16,0,1,0,3.4,-119.3,-83.07,0.0,1.0,-1.0,-2,97.54299614204412,0.3422561268141899,0.5057828086197164,17,14,31.87214285714285,0.1055919120002752,unknown,6,10,17,-1.169085950532918,1.0,0.1055919120002752,BFACTOR,0.3422561268141899,0.5847802737631533,0.0,False,0.0,stability_weight*stability_component + accessibility_weight*accessibility_component + rigidity_weight*rigidity_component - protected_penalty_weight*protected_site_penalty - existing_cys_penalty_weight*existing_cys_penalty,0.7196328927968877
6,4,A,17,17,F,F17C,,,C,2.8,189.9,165.19,0.0,0,1,2.5,108.5,121.16,0,1,0,-0.2999999999999998,-81.4,-44.03,0.0,1.0,-1.0,-2,47.09750042555674,0.1962395851064864,0.33325120129959,20,11,21.41636363636364,-0.6657394320659731,unknown,8,12,20,-1.040221704415873,1.0,-0.6657394320659731,BFACTOR,0.1962395851064864,0.8033481920864944,0.0,False,0.0,stability_weight*stability_component + accessibility_weight*accessibility_component + rigidity_weight*rigidity_component - protected_penalty_weight*protected_site_penalty - existing_cys_penalty_weight*existing_cys_penalty,0.7195415139492448
7,22,A,54,54,G,G54C,,,C,-0.4,60.1,75.07,0.0,0,0,2.5,108.5,121.16,0,1,0,2.9,48.4,46.09,0.0,1.0,0.0,-3,47.58086587123807,0.4575083256849814,0.8799480111445486,7,4,27.887500000000003,-0.1883584350495088,unknown,4,6,7,-0.6448227555177501,0.8816075851725834,-0.1883584350495088,BFACTOR,0.4575083256849814,0.6680753659947182,0.0,False,0.0,stability_weight*stability_component + accessibility_weight*accessibility_component + rigidity_weight*rigidity_component - protected_penalty_weight*protected_site_penalty - existing_cys_penalty_weight*existing_cys_penalty,0.7116713634907297
8,3,A,15,15,F,F15C,,,C,2.8,189.9,165.19,0.0,0,1,2.5,108.5,121.16,0,1,0,-0.2999999999999998,-81.4,-44.03,0.0,1.0,-1.0,-2,36.22884648119749,0.1509535270049895,0.4376361672661583,18,11,20.40363636363637,-0.7404491473297444,unknown,7,11,18,-1.040221704415873,1.0,-0.7404491473297444,BFACTOR,0.1509535270049895,0.8245182729724199,0.0,False,0.0,stability_weight*stability_component + accessibility_weight*accessibility_component + rigidity_weight*rigidity_component - protected_penalty_weight*protected_site_penalty - existing_cys_penalty_weight*existing_cys_penalty,0.7101897126959809
9,24,A,37,37,G,G37C,,,C,-0.4,60.1,75.07,0.0,0,0,2.5,108.5,121.16,0,1,0,2.9,48.4,46.09,0.0,1.0,0.0,-3,55.53045245284659,0.533946658200448,0.8671255868389908,7,4,36.445,0.4429353057105417,unknown,2,4,7,-0.6448227555177501,0.8816075851725834,0.4429353057105417,BFACTOR,0.533946658200448,0.48918913269181186,0.0,False,0.0,stability_weight*stability_component + accessibility_weight*accessibility_component + rigidity_weight*rigidity_component - protected_penalty_weight*protected_site_penalty - existing_cys_penalty_weight*existing_cys_penalty,0.6988256165847885
10,19,A,52,52,V,V52C,,,C,4.2,140.0,117.15,0.0,0,0,2.5,108.5,121.16,0,1,0,-1.7000000000000002,-31.5,4.009999999999991,0.0,1.0,0.0,-1,50.4480466897221,0.2899313028144948,0.6100625375612754,13,7,21.83428571428572,-0.6349089801912852,unknown,4,8,13,-0.7059583913535072,0.901986130451169,-0.6349089801912852,BFACTOR,0.2899313028144948,0.7946119365990736,0.0,False,0.0,stability_weight*stability_component + accessibility_weight*accessibility_component + rigidity_weight*rigidity_component - protected_penalty_weight*protected_site_penalty - existing_cys_penalty_weight*existing_cys_penalty,0.6968948433897477
11,10,A,51,51,I,I51C,,,C,4.5,166.7,131.17,0.0,0,0,2.5,108.5,121.16,0,1,0,-2.0,-58.19999999999999,-10.009999999999993,0.0,1.0,0.0,-3,33.41355220698015,0.169611940136955,0.4837913824928055,16,8,21.08625,-0.6900921837312847,unknown,5,9,16,-0.8916279436469586,0.9638759812156528,-0.6900921837312847,BFACTOR,0.169611940136955,0.8102488973124385,0.0,False,0.0,stability_weight*stability_component + accessibility_weight*accessibility_component + rigidity_weight*rigidity_component - protected_penalty_weight*protected_site_penalty - existing_cys_penalty_weight*existing_cys_penalty,0.6948713521114005
12,21,A,57,57,G,G57C,,,C,-0.4,60.1,75.07,0.0,0,0,2.5,108.5,121.16,0,1,0,2.9,48.4,46.09,0.0,1.0,0.0,-3,20.80625292353001,0.2000601242647116,0.7809974868391395,9,4,15.615,-1.0937107498000462,unknown,5,6,9,-0.6448227555177501,0.8816075851725834,-1.0937107498000462,BFACTOR,0.2000601242647116,0.924620069262018,0.0,False,0.0,stability_weight*stability_component + accessibility_weight*accessibility_component + rigidity_weight*rigidity_component - protected_penalty_weight*protected_site_penalty - existing_cys_penalty_weight*existing_cys_penalty,0.6857458437181089
13,30,A,1,1,M,M1C,,,C,1.9,162.9,149.21,0.0,0,0,2.5,108.5,121.16,0,1,0,0.6000000000000001,-54.400000000000006,-28.05000000000001,0.0,1.0,0.0,-1,108.09006409601132,0.4825449290000505,0.6390410085855943,12,8,30.20375,-0.0174867871341754,unknown,4,5,12,-0.4927128364295607,0.8309042788098536,-0.0174867871341754,BFACTOR,0.4825449290000505,0.6196564074334729,0.0,False,0.0,stability_weight*stability_component + accessibility_weight*accessibility_component + rigidity_weight*rigidity_component - protected_penalty_weight*protected_site_penalty - existing_cys_penalty_weight*existing_cys_penalty,0.6841468995916367
14,2,A,9,9,F,F9C,,,C,2.8,189.9,165.19,0.0,0,1,2.5,108.5,121.16,0,1,0,-0.2999999999999998,-81.4,-44.03,0.0,1.0,-1.0,-2,28.99578178564911,0.1208157574402046,0.470702636625284,21,11,25.85363636363636,-0.3383982110583715,unknown,5,13,21,-1.040221704415873,1.0,-0.3383982110583715,BFACTOR,0.1208157574402046,0.7105913116518427,0.0,False,0.0,stability_weight*stability_component + accessibility_weight*accessibility_component + rigidity_weight*rigidity_component - protected_penalty_weight*protected_site_penalty - existing_cys_penalty_weight*existing_cys_penalty,0.6783629895624299
15,23,A,44,44,G,G44C,,,C,-0.4,60.1,75.07,0.0,0,0,2.5,108.5,121.16,0,1,0,2.9,48.4,46.09,0.0,1.0,0.0,-3,33.79569553736281,0.3249586109361809,0.6155833363463931,15,4,27.8475,-0.1913092676092989,unknown,4,8,15,-0.6448227555177501,0.8816075851725834,-0.1913092676092989,BFACTOR,0.3249586109361809,0.6689115271787225,0.0,False,0.0,stability_weight*stability_component + accessibility_weight*accessibility_component + rigidity_weight*rigidity_component - protected_penalty_weight*protected_site_penalty - existing_cys_penalty_weight*existing_cys_penalty,0.6720736813028905
16,7,A,49,49,F,F49C,,,C,2.8,189.9,165.19,0.0,0,1,2.5,108.5,121.16,0,1,0,-0.2999999999999998,-81.4,-44.03,0.0,1.0,-1.0,-2,0.0,0.0,0.3645122125637577,25,11,19.59,-0.8004717641709255,unknown,7,13,25,-1.040221704415873,1.0,-0.8004717641709255,BFACTOR,0.0,0.8415265516015971,0.0,False,0.0,stability_weight*stability_component + accessibility_weight*accessibility_component + rigidity_weight*rigidity_component - protected_penalty_weight*protected_site_penalty - existing_cys_penalty_weight*existing_cys_penalty,0.6683053103203194
17,11,A,18,18,I,I18C,,,C,4.5,166.7,131.17,0.0,0,0,2.5,108.5,121.16,0,1,0,-2.0,-58.19999999999999,-10.009999999999993,0.0,1.0,0.0,-3,0.0,0.0,0.2725215393566794,27,8,17.07625,-0.9859131478502215,unknown,7,14,27,-0.8916279436469586,0.9638759812156528,-0.9859131478502215,BFACTOR,0.0,0.8940740560088632,0.0,False,0.0,stability_weight*stability_component + accessibility_weight*accessibility_component + rigidity_weight*rigidity_component - protected_penalty_weight*protected_site_penalty - existing_cys_penalty_weight*existing_cys_penalty,0.660752801809599
18,44,A,55,55,N,N55C,,,C,-3.5,114.1,132.12,0.0,1,0,2.5,108.5,121.16,0,1,0,6.0,-5.599999999999994,-10.960000000000008,0.0,0.0,0.0,-3,134.84147952356523,0.6914947667875141,1.0,5,7,37.265,0.5034273731862347,unknown,3,4,5,-0.1446364525450911,0.7148788175150305,0.5034273731862347,BFACTOR,0.6914947667875141,0.4720478284197249,0.0,False,0.0,stability_weight*stability_component + accessibility_weight*accessibility_component + rigidity_weight*rigidity_component - protected_penalty_weight*protected_site_penalty - existing_cys_penalty_weight*existing_cys_penalty,0.6592974044777145
19,13,A,2,2,L,L2C,,,C,3.8,166.7,131.17,0.0,0,0,2.5,108.5,121.16,0,1,0,-1.2999999999999998,-58.19999999999999,-10.009999999999993,0.0,1.0,0.0,-1,37.4364746972374,0.1862511178967034,0.5661449757767418,12,8,27.61875,-0.2081843413105975,unknown,5,7,12,-0.7645788398240553,0.9215262799413516,-0.2081843413105975,BFACTOR,0.1862511178967034,0.6736933239497467,0.0,False,0.0,stability_weight*stability_component + accessibility_weight*accessibility_component + rigidity_weight*rigidity_component - protected_penalty_weight*protected_site_penalty - existing_cys_penalty_weight*existing_cys_penalty,0.6513771401296362
20,9,A,33,33,I,I33C,,,C,4.5,166.7,131.17,0.0,0,0,2.5,108.5,121.16,0,1,0,-2.0,-58.19999999999999,-10.009999999999993,0.0,1.0,0.0,-3,1.2076282160399163,0.0061300924672076,0.3888299210092507,21,8,20.36875,-0.743022742772516,unknown,6,12,21,-0.8916279436469586,0.9638759812156528,-0.743022742772516,BFACTOR,0.0061300924672076,0.8252475385505146,0.0,False,0.0,stability_weight*stability_component + accessibility_weight*accessibility_component + rigidity_weight*rigidity_component - protected_penalty_weight*protected_site_penalty - existing_cys_penalty_weight*existing_cys_penalty,0.6488265260580915
21,15,A,28,28,V,V28C,,,C,4.2,140.0,117.15,0.0,0,0,2.5,108.5,121.16,0,1,0,-1.7000000000000002,-31.5,4.009999999999991,0.0,1.0,0.0,-1,0.0,0.0,0.2205016842415772,25,7,12.77,-1.3035887156151025,unknown,7,12,25,-0.7059583913535072,0.901986130451169,-1.3035887156151025,BFACTOR,0.0,0.9840920334743193,0.0,False,0.0,stability_weight*stability_component + accessibility_weight*accessibility_component + rigidity_weight*rigidity_component - protected_penalty_weight*protected_site_penalty - existing_cys_penalty_weight*existing_cys_penalty,0.6478114719204484
22,25,A,22,22,G,G22C,,,C,-0.4,60.1,75.07,0.0,0,0,2.5,108.5,121.16,0,1,0,2.9,48.4,46.09,0.0,1.0,0.0,-3,69.69089231237845,0.6701047337728697,0.8489821234467,6,4,59.765,2.163270688068051,unknown,2,4,6,-0.6448227555177501,0.8816075851725834,2.163270688068051,BFACTOR,0.6701047337728697,0.001707162417341812,0.0,False,0.0,stability_weight*stability_component + accessibility_weight*accessibility_component + rigidity_weight*rigidity_component - protected_penalty_weight*protected_site_penalty - existing_cys_penalty_weight*existing_cys_penalty,0.642176645201621
23,51,A,53,53,E,E53C,,,C,-3.5,138.4,147.13,-1.0,1,0,2.5,108.5,121.16,0,1,0,6.0,-29.90000000000001,-25.97,1.0,0.0,0.0,-4,107.25231443263444,0.4809520826575535,0.735737619336508,11,9,24.724444444444444,-0.4216996180934503,unknown,4,8,11,-0.1045658878331403,0.7015219626110467,-0.4216996180934503,BFACTOR,0.4809520826575535,0.7341959729548311,0.0,False,0.0,stability_weight*stability_component + accessibility_weight*accessibility_component + rigidity_weight*rigidity_component - protected_penalty_weight*protected_site_penalty - existing_cys_penalty_weight*existing_cys_penalty,0.6418858006937556
24,28,A,35,35,G,G35C,,,C,-0.4,60.1,75.07,0.0,0,0,2.5,108.5,121.16,0,1,0,2.9,48.4,46.09,0.0,1.0,0.0,-3,57.81716747991214,0.5559343026914629,0.6959305832435974,11,4,52.05,1.594128858098575,unknown,2,6,11,-0.6448227555177501,0.8816075851725834,1.594128858098575,BFACTOR,0.5559343026914629,0.16298175078215893,0.0,False,0.0,stability_weight*stability_component + accessibility_weight*accessibility_component + rigidity_weight*rigidity_component - protected_penalty_weight*protected_site_penalty - existing_cys_penalty_weight*existing_cys_penalty,0.6401804335501624
25,36,A,58,58,P,P58C,,,C,-1.6,112.7,115.13,0.0,0,0,2.5,108.5,121.16,0,1,0,4.1,-4.200000000000003,6.030000000000001,0.0,1.0,0.0,-1,44.25584190579047,0.2783386283383048,0.6115491138081661,15,7,16.764285714285716,-1.0089270071446543,unknown,4,10,15,-0.2546636806334972,0.7515545602111657,-1.0089270071446543,BFACTOR,0.2783386283383048,0.9005953666716106,0.0,False,0.0,stability_weight*stability_component + accessibility_weight*accessibility_component + rigidity_weight*rigidity_component - protected_penalty_weight*protected_site_penalty - existing_cys_penalty_weight*existing_cys_penalty,0.6393979419413964
26,29,A,4,4,G,G4C,,,C,-0.4,60.1,75.07,0.0,0,0,2.5,108.5,121.16,0,1,0,2.9,48.4,46.09,0.0,1.0,0.0,-3,15.154490040610128,0.145716250390482,0.4388386167431573,22,4,25.235,-0.3840355191705765,unknown,6,12,22,-0.6448227555177501,0.8816075851725834,-0.3840355191705765,BFACTOR,0.145716250390482,0.7235233045089992,0.0,False,0.0,stability_weight*stability_component + accessibility_weight*accessibility_component + rigidity_weight*rigidity_component - protected_penalty_weight*protected_site_penalty - existing_cys_penalty_weight*existing_cys_penalty,0.6292233286052362
27,46,A,12,12,E,E12C,,,C,-3.5,138.4,147.13,-1.0,1,0,2.5,108.5,121.16,0,1,0,6.0,-29.90000000000001,-25.97,1.0,0.0,0.0,-4,174.64538304632424,0.7831631526740997,0.8182672940486897,7,6,50.903333333333336,1.5095383247179313,unknown,4,4,7,-0.1045658878331403,0.7015219626110467,1.5095383247179313,BFACTOR,0.7831631526740997,0.18695170472361367,0.0,False,0.0,stability_weight*stability_component + accessibility_weight*accessibility_component + rigidity_weight*rigidity_component - protected_penalty_weight*protected_site_penalty - existing_cys_penalty_weight*existing_cys_penalty,0.623100268052476
28,27,A,16,16,G,G16C,,,C,-0.4,60.1,75.07,0.0,0,0,2.5,108.5,121.16,0,1,0,2.9,48.4,46.09,0.0,1.0,0.0,-3,0.0,0.0,0.3833636630595693,21,4,16.322499999999998,-1.0415178988987628,unknown,7,12,21,-0.6448227555177501,0.8816075851725834,-1.0415178988987628,BFACTOR,0.0,0.9098304683199432,0.0,False,0.0,stability_weight*stability_component + accessibility_weight*accessibility_component + rigidity_weight*rigidity_component - protected_penalty_weight*protected_site_penalty - existing_cys_penalty_weight*existing_cys_penalty,0.6227698862502804
29,14,A,6,6,V,V6C,,,C,4.2,140.0,117.15,0.0,0,0,2.5,108.5,121.16,0,1,0,-1.7000000000000002,-31.5,4.009999999999991,0.0,1.0,0.0,-1,5.357295120313602,0.0307890524155954,0.3435934414927008,22,7,21.922857142857143,-0.6283749938088933,unknown,7,16,22,-0.7059583913535072,0.901986130451169,-0.6283749938088933,BFACTOR,0.0307890524155954,0.7927604368344928,0.0,False,0.0,stability_weight*stability_component + accessibility_weight*accessibility_component + rigidity_weight*rigidity_component - protected_penalty_weight*protected_site_penalty - existing_cys_penalty_weight*existing_cys_penalty,0.6187818683171618
30,26,A,14,14,G,G14C,,,C,-0.4,60.1,75.07,0.0,0,0,2.5,108.5,121.16,0,1,0,2.9,48.4,46.09,0.0,1.0,0.0,-3,6.038141080199582,0.0580590488480729,0.5736558572722741,14,4,21.500000000000004,-0.6595695094409577,unknown,6,11,14,-0.6448227555177501,0.8816075851725834,-0.6595695094409577,BFACTOR,0.0580590488480729,0.8015998550653947,0.0,False,0.0,stability_weight*stability_component + accessibility_weight*accessibility_component + rigidity_weight*rigidity_component - protected_penalty_weight*protected_site_penalty - existing_cys_penalty_weight*existing_cys_penalty,0.6185414782537926
31,53,A,43,43,E,E43C,,,C,-3.5,138.4,147.13,-1.0,1,0,2.5,108.5,121.16,0,1,0,6.0,-29.90000000000001,-25.97,1.0,0.0,0.0,-4,144.31088066638625,0.6471339940196692,0.567979189611168,15,9,42.28,0.8733880053698928,unknown,6,9,15,-0.1045658878331403,0.7015219626110467,0.8733880053698928,BFACTOR,0.6471339940196692,0.3672141199751937,0.0,False,0.0,stability_weight*stability_component + accessibility_weight*accessibility_component + rigidity_weight*rigidity_component - protected_penalty_weight*protected_site_penalty - existing_cys_penalty_weight*existing_cys_penalty,0.6183440035064629
32,35,A,67,67,A,A67C,,,C,1.8,88.6,89.09,0.0,0,0,2.5,108.5,121.16,0,1,0,0.7,19.90000000000001,32.06999999999999,0.0,1.0,0.0,-1,97.7905662095176,0.7580664047249427,0.7314616358360182,11,6,59.84666666666666,2.1692953045442884,unknown,2,5,11,-0.3415315512441451,0.7805105170813817,2.1692953045442884,BFACTOR,0.7580664047249427,0.0,0.0,False,0.0,stability_weight*stability_component + accessibility_weight*accessibility_component + rigidity_weight*rigidity_component - protected_penalty_weight*protected_site_penalty - existing_cys_penalty_weight*existing_cys_penalty,0.6176751799581737
33,18,A,63,63,V,V63C,,,C,4.2,140.0,117.15,0.0,0,0,2.5,108.5,121.16,0,1,0,-1.7000000000000002,-31.5,4.009999999999991,0.0,1.0,0.0,-1,0.0,0.0,0.293528658447491,26,7,20.50428571428571,-0.7330241628042995,unknown,8,12,26,-0.7059583913535072,0.901986130451169,-0.7330241628042995,BFACTOR,0.0,0.8224142959672145,0.0,False,0.0,stability_weight*stability_component + accessibility_weight*accessibility_component + rigidity_weight*rigidity_component - protected_penalty_weight*protected_site_penalty - existing_cys_penalty_weight*existing_cys_penalty,0.6154759244190274
34,12,A,41,41,L,L41C,,,C,3.8,166.7,131.17,0.0,0,0,2.5,108.5,121.16,0,1,0,-1.2999999999999998,-58.19999999999999,-10.009999999999993,0.0,1.0,0.0,-1,2.279087240102637,0.0113387424880728,0.4277407976982324,26,8,24.76125,-0.418984442300588,unknown,2,8,26,-0.7645788398240553,0.9215262799413516,-0.418984442300588,BFACTOR,0.0113387424880728,0.7334265885320492,0.0,False,0.0,stability_weight*stability_component + accessibility_weight*accessibility_component + rigidity_weight*rigidity_component - protected_penalty_weight*protected_site_penalty - existing_cys_penalty_weight*existing_cys_penalty,0.6108500804235075
35,33,A,61,61,A,A61C,,,C,1.8,88.6,89.09,0.0,0,0,2.5,108.5,121.16,0,1,0,0.7,19.90000000000001,32.06999999999999,0.0,1.0,0.0,-1,2.4152564320798326,0.0187229180781382,0.3796232073822558,22,5,13.901999999999996,-1.2200801541730488,unknown,7,11,22,-0.3415315512441452,0.7805105170813817,-1.2200801541730488,BFACTOR,0.0187229180781382,0.9604286719669995,0.0,False,0.0,stability_weight*stability_component + accessibility_weight*accessibility_component + rigidity_weight*rigidity_component - protected_penalty_weight*protected_site_penalty - existing_cys_penalty_weight*existing_cys_penalty,0.5879578683575323
36,17,A,47,47,V,V47C,,,C,4.2,140.0,117.15,0.0,0,0,2.5,108.5,121.16,0,1,0,-1.7000000000000002,-31.5,4.009999999999991,0.0,1.0,0.0,-1,1.0714590240627204,0.006157810483119,0.3766512877608708,23,7,27.54571428571428,-0.2135722454041428,unknown,8,13,23,-0.7059583913535072,0.901986130451169,-0.2135722454041428,BFACTOR,0.006157810483119,0.6752200646830403,0.0,False,0.0,stability_weight*stability_component + accessibility_weight*accessibility_component + rigidity_weight*rigidity_component - protected_penalty_weight*protected_site_penalty - existing_cys_penalty_weight*existing_cys_penalty,0.5878844213071283
37,59,A,29,29,H,H29C,,,C,-3.2,153.2,155.16,0.1,1,1,2.5,108.5,121.16,0,1,0,5.7,-44.69999999999999,-34.0,-0.1,0.0,-1.0,-3,33.35743079581642,0.1489171017670376,0.3635993678536098,21,10,12.009,-1.3597283050651054,unknown,5,11,21,-0.056048280437882,0.6853494268126273,-1.3597283050651054,BFACTOR,0.1489171017670376,1.0,0.0,False,0.0,stability_weight*stability_component + accessibility_weight*accessibility_component + rigidity_weight*rigidity_component - protected_penalty_weight*protected_site_penalty - existing_cys_penalty_weight*existing_cys_penalty,0.587349843936425
38,20,A,26,26,V,V26C,,,C,4.2,140.0,117.15,0.0,0,0,2.5,108.5,121.16,0,1,0,-1.7000000000000002,-31.5,4.009999999999991,0.0,1.0,0.0,-1,1.2076282160399163,0.0069403920462064,0.3664657893037666,23,7,27.77857142857143,-0.1963941844310797,unknown,5,12,23,-0.7059583913535072,0.901986130451169,-0.1963941844310797,BFACTOR,0.0069403920462064,0.6703524120761584,0.0,False,0.0,stability_weight*stability_component + accessibility_weight*accessibility_component + rigidity_weight*rigidity_component - protected_penalty_weight*protected_site_penalty - existing_cys_penalty_weight*existing_cys_penalty,0.587145665254678
39,49,A,42,42,E,E42C,,,C,-3.5,138.4,147.13,-1.0,1,0,2.5,108.5,121.16,0,1,0,6.0,-29.90000000000001,-25.97,1.0,0.0,0.0,-4,117.38739392600984,0.5264008696233625,0.5470274099847894,15,8,41.13555555555556,0.7889614071314596,unknown,3,8,15,-0.1045658878331403,0.7015219626110467,0.7889614071314596,BFACTOR,0.5264008696233625,0.3911376205175373,0.0,False,0.0,stability_weight*stability_component + accessibility_weight*accessibility_component + rigidity_weight*rigidity_component - protected_penalty_weight*protected_site_penalty - existing_cys_penalty_weight*existing_cys_penalty,0.5869087662960395
40,50,A,50,50,E,E50C,,,C,-3.5,138.4,147.13,-1.0,1,0,2.5,108.5,121.16,0,1,0,6.0,-29.90000000000001,-25.97,1.0,0.0,0.0,-4,65.39478949133564,0.2932501770911912,0.4677487770681084,19,9,25.474444444444444,-0.3663715075973898,unknown,6,10,19,-0.1045658878331403,0.7015219626110467,-0.3663715075973898,BFACTOR,0.2932501770911912,0.7185179507547517,0.0,False,0.0,stability_weight*stability_component + accessibility_weight*accessibility_component + rigidity_weight*rigidity_component - protected_penalty_weight*protected_site_penalty - existing_cys_penalty_weight*existing_cys_penalty,0.582439624583831
41,41,A,40,40,T,T40C,,,C,-0.7,116.1,119.12,0.0,1,0,2.5,108.5,121.16,0,1,0,3.2,-7.599999999999994,2.039999999999992,0.0,0.0,0.0,-1,26.43165156090096,0.1536723927959358,0.515492240333506,20,7,18.717142857142854,-0.8648631461006266,unknown,3,9,20,-0.1552115907421657,0.718403863580722,-0.8648631461006266,BFACTOR,0.1536723927959358,0.8597727831525467,0.0,False,0.0,stability_weight*stability_component + accessibility_weight*accessibility_component + rigidity_weight*rigidity_component - protected_penalty_weight*protected_site_penalty - existing_cys_penalty_weight*existing_cys_penalty,0.5772582062596511
42,62,A,31,31,S,S31C,,,C,-0.8,89.0,105.09,0.0,1,0,2.5,108.5,121.16,0,1,0,3.3,19.5,16.069999999999993,0.0,0.0,0.0,-1,39.13509614592157,0.2524844912640101,0.5199007201792616,14,6,19.813333333333333,-0.7839962823787653,unknown,4,5,14,0.0056424784236881,0.6647858405254372,-0.7839962823787653,BFACTOR,0.2524844912640101,0.8368579849909068,0.0,False,0.0,stability_weight*stability_component + accessibility_weight*accessibility_component + rigidity_weight*rigidity_component - protected_penalty_weight*protected_site_penalty - existing_cys_penalty_weight*existing_cys_penalty,0.575509864640103
43,31,A,60,60,A,A60C,,,C,1.8,88.6,89.09,0.0,0,0,2.5,108.5,121.16,0,1,0,0.7,19.90000000000001,32.06999999999999,0.0,1.0,0.0,-1,0.0,0.0,0.2804529809809365,23,5,15.716000000000005,-1.0862598975865767,unknown,5,15,23,-0.3415315512441452,0.7805105170813817,-1.0862598975865767,BFACTOR,0.0,0.9225087622724073,0.0,False,0.0,stability_weight*stability_component + accessibility_weight*accessibility_component + rigidity_weight*rigidity_component - protected_penalty_weight*protected_site_penalty - existing_cys_penalty_weight*existing_cys_penalty,0.5747570109951723
44,56,A,59,59,Q,Q59C,,,C,-3.5,143.8,146.15,0.0,1,0,2.5,108.5,121.16,0,1,0,6.0,-35.30000000000001,-24.99000000000001,0.0,0.0,0.0,-3,40.00916262037394,0.1778185005349953,0.4302684482151919,19,8,19.037777777777777,-0.8412096470102471,unknown,7,11,19,-0.0861156473358171,0.6953718824452724,-0.8412096470102471,BFACTOR,0.1778185005349953,0.8530702212807666,0.0,False,0.0,stability_weight*stability_component + accessibility_weight*accessibility_component + rigidity_weight*rigidity_component - protected_penalty_weight*protected_site_penalty - existing_cys_penalty_weight*existing_cys_penalty,0.5716455356392881
45,40,A,64,64,T,T64C,,,C,-0.7,116.1,119.12,0.0,1,0,2.5,108.5,121.16,0,1,0,3.2,-7.599999999999994,2.039999999999992,0.0,0.0,0.0,-1,51.11099813785323,0.2971569659177513,0.4471079313422335,18,7,30.52571428571429,0.0062647803002052,unknown,6,10,18,-0.1552115907421657,0.718403863580722,0.0062647803002052,BFACTOR,0.2971569659177513,0.6129260564747244,0.0,False,0.0,stability_weight*stability_component + accessibility_weight*accessibility_component + rigidity_weight*rigidity_component - protected_penalty_weight*protected_site_penalty - existing_cys_penalty_weight*existing_cys_penalty,0.5709342328606313
46,39,A,24,24,D,D24C,,,C,-3.5,111.1,133.1,-1.0,1,0,2.5,108.5,121.16,0,1,0,6.0,-2.5999999999999943,-11.939999999999998,1.0,0.0,0.0,-3,112.74154387802818,0.584153077088229,0.6653842526957375,10,7,52.48,1.6258503081163158,unknown,2,7,10,-0.1596171972304182,0.7198723990768061,1.6258503081163158,BFACTOR,0.584153077088229,0.15399301805411347,0.0,False,0.0,stability_weight*stability_component + accessibility_weight*accessibility_component + rigidity_weight*rigidity_component - protected_penalty_weight*protected_site_penalty - existing_cys_penalty_weight*existing_cys_penalty,0.5659807262756944
47,48,A,3,3,E,E3C,,,C,-3.5,138.4,147.13,-1.0,1,0,2.5,108.5,121.16,0,1,0,6.0,-29.90000000000001,-25.97,1.0,0.0,0.0,-4,60.13967153048739,0.2696846256972529,0.5281764744800564,18,5,27.994000000000007,-0.1805018433590679,unknown,4,9,18,-0.1045658878331403,0.7015219626110467,-0.1805018433590679,BFACTOR,0.2696846256972529,0.6658490868423068,0.0,False,0.0,stability_weight*stability_component + accessibility_weight*accessibility_component + rigidity_weight*rigidity_component - protected_penalty_weight*protected_site_penalty - existing_cys_penalty_weight*existing_cys_penalty,0.5648361863831606
48,32,A,32,32,A,A32C,,,C,1.8,88.6,89.09,0.0,0,0,2.5,108.5,121.16,0,1,0,0.7,19.90000000000001,32.06999999999999,0.0,1.0,0.0,-1,0.0,0.0,0.3767576377341322,18,5,18.126,-0.908472235859236,unknown,7,10,18,-0.3415315512441452,0.7805105170813817,-0.908472235859236,BFACTOR,0.0,0.8721300509361523,0.0,False,0.0,stability_weight*stability_component + accessibility_weight*accessibility_component + rigidity_weight*rigidity_component - protected_penalty_weight*protected_site_penalty - existing_cys_penalty_weight*existing_cys_penalty,0.5646812687279213
49,34,A,46,46,A,A46C,,,C,1.8,88.6,89.09,0.0,0,0,2.5,108.5,121.16,0,1,0,0.7,19.90000000000001,32.06999999999999,0.0,1.0,0.0,-1,16.5646755845829,0.1284083378649837,0.5035575870654482,20,5,27.668,-0.2045511287213561,unknown,6,11,20,-0.3415315512441452,0.7805105170813817,-0.2045511287213561,BFACTOR,0.1284083378649837,0.6726638004919414,0.0,False,0.0,stability_weight*stability_component + accessibility_weight*accessibility_component + rigidity_weight*rigidity_component - protected_penalty_weight*protected_site_penalty - existing_cys_penalty_weight*existing_cys_penalty,0.5633105199985743
50,42,A,62,62,N,N62C,,,C,-3.5,114.1,132.12,0.0,1,0,2.5,108.5,121.16,0,1,0,6.0,-5.599999999999994,-10.960000000000008,0.0,0.0,0.0,-3,55.12702169064321,0.2827026753366318,0.4332101656164052,18,8,31.36125,0.0679029300647445,unknown,5,10,18,-0.1446364525450911,0.7148788175150305,0.0679029300647445,BFACTOR,0.2827026753366318,0.5954599931713503,0.0,False,0.0,stability_weight*stability_component + accessibility_weight*accessibility_component + rigidity_weight*rigidity_component - protected_penalty_weight*protected_site_penalty - existing_cys_penalty_weight*existing_cys_penalty,0.5613422099927748
51,66,A,13,13,K,K13C,,,C,-3.9,168.6,146.19,1.0,1,0,2.5,108.5,121.16,0,1,0,6.4,-60.1,-25.03,-1.0,0.0,0.0,-1,143.37408286982696,0.6075173002958769,0.745718032222547,10,7,48.20333333333333,1.310357126932113,unknown,4,5,10,0.1164247180548481,0.6278584273150507,1.310357126932113,BFACTOR,0.6075173002958769,0.2433925846438998,0.0,False,0.0,stability_weight*stability_component + accessibility_weight*accessibility_component + rigidity_weight*rigidity_component - protected_penalty_weight*protected_site_penalty - existing_cys_penalty_weight*existing_cys_penalty,0.5448629206750684
52,16,A,20,20,V,V20C,,,C,4.2,140.0,117.15,0.0,0,0,2.5,108.5,121.16,0,1,0,-1.7000000000000002,-31.5,4.009999999999991,0.0,1.0,0.0,-1,12.076282160399163,0.0694039204620641,0.5401645911856561,18,7,45.65285714285714,1.1222064222864616,unknown,4,12,18,-0.7059583913535072,0.901986130451169,1.1222064222864616,BFACTOR,0.0694039204620641,0.29670781442397953,0.0,False,0.0,stability_weight*stability_component + accessibility_weight*accessibility_component + rigidity_weight*rigidity_component - protected_penalty_weight*protected_site_penalty - existing_cys_penalty_weight*existing_cys_penalty,0.5311558042489997
53,52,A,36,36,E,E36C,,,C,-3.5,138.4,147.13,-1.0,1,0,2.5,108.5,121.16,0,1,0,6.0,-29.90000000000001,-25.97,1.0,0.0,0.0,-4,99.47309013744476,0.4460676687777792,0.8460791046755788,6,5,48.756,1.3511277967998767,unknown,2,5,6,-0.1045658878331403,0.7015219626110467,1.3511277967998767,BFACTOR,0.4460676687777792,0.231839624284908,0.0,False,0.0,stability_weight*stability_component + accessibility_weight*accessibility_component + rigidity_weight*rigidity_component - protected_penalty_weight*protected_site_penalty - existing_cys_penalty_weight*existing_cys_penalty,0.5309492067958387
54,65,A,39,39,K,K39C,,,C,-3.9,168.6,146.19,1.0,1,0,2.5,108.5,121.16,0,1,0,6.4,-60.1,-25.03,-1.0,0.0,0.0,-1,63.77619069072373,0.2702380961471344,0.5877318306374073,15,9,27.417777777777776,-0.2230102257342641,unknown,4,11,15,0.1164247180548481,0.6278584273150507,-0.2230102257342641,BFACTOR,0.2702380961471344,0.6778944532318791,0.0,False,0.0,stability_weight*stability_component + accessibility_weight*accessibility_component + rigidity_weight*rigidity_component - protected_penalty_weight*protected_site_penalty - existing_cys_penalty_weight*existing_cys_penalty,0.5305795331480415
55,38,A,25,25,D,D25C,,,C,-3.5,111.1,133.1,-1.0,1,0,2.5,108.5,121.16,0,1,0,6.0,-2.5999999999999943,-11.939999999999998,1.0,0.0,0.0,-3,47.71100320532037,0.2472072704938879,0.502690932631766,19,8,36.8375,0.4718903502034799,unknown,5,9,19,-0.1596171972304182,0.7198723990768061,0.4718903502034799,BFACTOR,0.2472072704938879,0.4809843010737703,0.0,False,0.0,stability_weight*stability_component + accessibility_weight*accessibility_component + rigidity_weight*rigidity_component - protected_penalty_weight*protected_site_penalty - existing_cys_penalty_weight*existing_cys_penalty,0.5302952409013235
56,47,A,19,19,E,E19C,,,C,-3.5,138.4,147.13,-1.0,1,0,2.5,108.5,121.16,0,1,0,6.0,-29.90000000000001,-25.97,1.0,0.0,0.0,-4,80.39521582821374,0.3605166629067881,0.456937155333157,19,8,44.27777777777778,1.020765698217177,unknown,6,12,19,-0.1045658878331403,0.7015219626110467,1.020765698217177,BFACTOR,0.3605166629067881,0.32545251417409327,0.0,False,0.0,stability_weight*stability_component + accessibility_weight*accessibility_component + rigidity_weight*rigidity_component - protected_penalty_weight*protected_site_penalty - existing_cys_penalty_weight*existing_cys_penalty,0.5240064830123784
57,63,A,7,7,K,K7C,,,C,-3.9,168.6,146.19,1.0,1,0,2.5,108.5,121.16,0,1,0,6.4,-60.1,-25.03,-1.0,0.0,0.0,-1,80.0234271872173,0.3390823185899038,0.4779317341202143,19,9,34.59888888888889,0.3067461863191273,unknown,7,11,19,0.1164247180548481,0.6278584273150507,0.3067461863191273,BFACTOR,0.3390823185899038,0.527780294003563,0.0,False,0.0,stability_weight*stability_component + accessibility_weight*accessibility_component + rigidity_weight*rigidity_component - protected_penalty_weight*protected_site_penalty - existing_cys_penalty_weight*existing_cys_penalty,0.521209968035209
58,61,A,48,48,S,S48C,,,C,-0.8,89.0,105.09,0.0,1,0,2.5,108.5,121.16,0,1,0,3.3,19.5,16.069999999999993,0.0,0.0,0.0,-1,27.467321561453996,0.1772085262029289,0.436675684485859,19,6,27.805,-0.1944445272040759,unknown,7,13,19,0.0056424784236881,0.6647858405254372,-0.1944445272040759,BFACTOR,0.1772085262029289,0.669799948436727,0.0,False,0.0,stability_weight*stability_component + accessibility_weight*accessibility_component + rigidity_weight*rigidity_component - protected_penalty_weight*protected_site_penalty - existing_cys_penalty_weight*existing_cys_penalty,0.5195154678109426
59,43,A,10,10,N,N10C,,,C,-3.5,114.1,132.12,0.0,1,0,2.5,108.5,121.16,0,1,0,6.0,-5.599999999999994,-10.960000000000008,0.0,0.0,0.0,-3,52.292236975603,0.2681653178236051,0.6245970761910408,14,8,41.64625,0.8266357520007217,unknown,7,8,14,-0.1446364525450911,0.7148788175150305,0.8266357520007217,BFACTOR,0.2681653178236051,0.3804620487342609,0.0,False,0.0,stability_weight*stability_component + accessibility_weight*accessibility_component + rigidity_weight*rigidity_component - protected_penalty_weight*protected_site_penalty - existing_cys_penalty_weight*existing_cys_penalty,0.5139814138514489
60,55,A,34,34,Q,Q34C,,,C,-3.5,143.8,146.15,0.0,1,0,2.5,108.5,121.16,0,1,0,6.0,-35.30000000000001,-24.99000000000001,0.0,0.0,0.0,-3,64.96075961668629,0.2887144871852724,0.538592944554757,15,9,41.03888888888889,0.7818302284453009,unknown,5,9,15,-0.0861156473358171,0.6953718824452724,0.7818302284453009,BFACTOR,0.2887144871852724,0.3931583433788808,0.0,False,0.0,stability_weight*stability_component + accessibility_weight*accessibility_component + rigidity_weight*rigidity_component - protected_penalty_weight*protected_site_penalty - existing_cys_penalty_weight*existing_cys_penalty,0.5129319560539941
61,58,A,45,45,Q,Q45C,,,C,-3.5,143.8,146.15,0.0,1,0,2.5,108.5,121.16,0,1,0,6.0,-35.30000000000001,-24.99000000000001,0.0,0.0,0.0,-3,39.59981309761119,0.1759991693227164,0.5306845082049502,15,9,33.077777777777776,0.194532581476006,unknown,6,11,15,-0.0861156473358171,0.6953718824452724,0.194532581476006,BFACTOR,0.1759991693227164,0.5595776456952797,0.0,False,0.0,stability_weight*stability_component + accessibility_weight*accessibility_component + rigidity_weight*rigidity_component - protected_penalty_weight*protected_site_penalty - existing_cys_penalty_weight*existing_cys_penalty,0.5124012211585071
62,64,A,5,5,K,K5C,,,C,-3.9,168.6,146.19,1.0,1,0,2.5,108.5,121.16,0,1,0,6.4,-60.1,-25.03,-1.0,0.0,0.0,-1,82.13913904296265,0.3480471993345875,0.4248857989186433,23,9,38.08111111111111,0.5636325541630591,unknown,9,12,23,0.1164247180548481,0.6278584273150507,0.5636325541630591,BFACTOR,0.3480471993345875,0.454987817596083,0.0,False,0.0,stability_weight*stability_component + accessibility_weight*accessibility_component + rigidity_weight*rigidity_component - protected_penalty_weight*protected_site_penalty - existing_cys_penalty_weight*existing_cys_penalty,0.5093409369771182
63,67,A,65,65,K,K65C,,,C,-3.9,168.6,146.19,1.0,1,0,2.5,108.5,121.16,0,1,0,6.4,-60.1,-25.03,-1.0,0.0,0.0,-1,92.31752224947516,0.3911759417350642,0.4941536056099406,19,8,46.077777777777776,1.153553163407722,unknown,3,9,19,0.1164247180548481,0.6278584273150507,1.153553163407722,BFACTOR,0.3911759417350642,0.2878252608939027,0.0,False,0.0,stability_weight*stability_component + accessibility_weight*accessibility_component + rigidity_weight*rigidity_component - protected_penalty_weight*protected_site_penalty - existing_cys_penalty_weight*existing_cys_penalty,0.4888470483568252
64,60,A,11,11,S,S11C,,,C,-0.8,89.0,105.09,0.0,1,0,2.5,108.5,121.16,0,1,0,3.3,19.5,16.069999999999993,0.0,0.0,0.0,-1,45.9689649461636,0.2965739673946039,0.6690885879674893,14,6,44.53666666666667,1.039864142284706,unknown,6,8,14,0.0056424784236881,0.6647858405254372,1.039864142284706,BFACTOR,0.2965739673946039,0.3200406931776214,0.0,False,0.0,stability_weight*stability_component + accessibility_weight*accessibility_component + rigidity_weight*rigidity_component - protected_penalty_weight*protected_site_penalty - existing_cys_penalty_weight*existing_cys_penalty,0.48537324911662405
65,54,A,21,21,E,E21C,,,C,-3.5,138.4,147.13,-1.0,1,0,2.5,108.5,121.16,0,1,0,6.0,-29.90000000000001,-25.97,1.0,0.0,0.0,-4,86.80024466487014,0.3892387653133189,0.7435282988793341,11,5,59.088,2.1133278469936068,unknown,3,6,11,-0.1045658878331403,0.7015219626110467,2.1133278469936068,BFACTOR,0.3892387653133189,0.01585919045661366,0.0,False,0.0,stability_weight*stability_component + accessibility_weight*accessibility_component + rigidity_weight*rigidity_component - protected_penalty_weight*protected_site_penalty - existing_cys_penalty_weight*existing_cys_penalty,0.47070444899084174
66,57,A,23,23,Q,Q23C,,,C,-3.5,143.8,146.15,0.0,1,0,2.5,108.5,121.16,0,1,0,6.0,-35.30000000000001,-24.99000000000001,0.0,0.0,0.0,-3,77.23704813178361,0.3432757694745938,0.7225166870465194,7,9,58.30555555555556,2.0556062834212723,unknown,4,6,7,-0.0861156473358171,0.6953718824452724,2.0556062834212723,BFACTOR,0.3432757694745938,0.032215432283718703,0.0,False,0.0,stability_weight*stability_component + accessibility_weight*accessibility_component + rigidity_weight*rigidity_component - protected_penalty_weight*protected_site_penalty - existing_cys_penalty_weight*existing_cys_penalty,0.45711175852175806
67,45,A,66,66,E,E66C,,,C,-3.5,138.4,147.13,-1.0,1,0,2.5,108.5,121.16,0,1,0,6.0,-29.90000000000001,-25.97,1.0,0.0,0.0,-4,49.24465334057922,0.2208280418860054,0.6047259639393524,12,5,53.66600000000001,1.7133424935140873,unknown,5,7,12,-0.1045658878331404,0.7015219626110468,1.7133424935140873,BFACTOR,0.2208280418860054,0.12920083894838774,0.0,False,0.0,stability_weight*stability_component + accessibility_weight*accessibility_component + rigidity_weight*rigidity_component - protected_penalty_weight*protected_site_penalty - existing_cys_penalty_weight*existing_cys_penalty,0.4428495616610026
